Client_ID,Client,Sector,Client_Tier,Home_Region
C001,Northstar Energy,Energy,Tier 1,Canada
C002,Aurora Mobility,Industrials,Tier 1,United States
C003,Maple Health Systems,Healthcare,Tier 2,Canada
C004,Horizon Telecom,"Technology, Media & Telecom",Tier 1,United States
C005,Cascade Consumer Brands,Consumer,Tier 2,Canada
C006,Summit Mining,Metals & Mining,Tier 1,Canada
C007,BlueWave Infrastructure,Infrastructure,Tier 1,Europe
C008,Greenfield Renewables,Power & Utilities,Tier 1,Europe
C009,Atlas Logistics,Industrials,Tier 2,United States
C010,Cedar Financial Group,Financial Institutions,Tier 1,Canada
C011,Polar Data Systems,"Technology, Media & Telecom",Tier 2,Canada
C012,Evergreen Foods,Consumer,Tier 2,United States
C013,Meridian Pharma,Healthcare,Tier 1,Europe
C014,Harbour Real Estate,Real Estate,Tier 2,Canada
C015,Titan Aerospace,Industrials,Tier 1,United States
C016,Nova Retail Holdings,Consumer,Tier 3,Canada
C017,Boreal Resources,Energy,Tier 2,Canada
C018,Silverline Insurance,Financial Institutions,Tier 2,Europe
C019,Redwood Media,"Technology, Media & Telecom",Tier 3,United States
C020,Glacier Manufacturing,Industrials,Tier 2,Canada
C021,Trillium Utilities,Power & Utilities,Tier 2,Canada
C022,Beacon Education Group,Public Sector & Education,Tier 3,Canada
C023,Keystone Agriculture,Agriculture,Tier 3,Canada
C024,Pacific Hospitality,Consumer & Real Estate,Tier 3,Asia-Pacific
